{
	"credit": "Made with Blockbench, a free, modern block model editor by JannisX11",
	"textures": {
		"0": "img/logo",
		"x": "img/empty"
	},
	"elements": [
		{
			"name": "cube",
			"from": [-16, -16, 9],
			"to": [32, 32, 9.001],
			"faces": {
				"north": {
					"uv": [
						0,
						0,
						15.999375915527343,
						15.999375915527343
					],
					"texture": "#0"
				},
				"east": {
					"uv": [
						0,
						0,
						0.5037499904632569,
						0.5037499904632569
					],
					"texture": "#x"
				},
				"south": {
					"uv": [
						0,
						0,
						15.999375915527343,
						15.999375915527343
					],
					"texture": "#x"
				},
				"west": {
					"uv": [
						0,
						0,
						0.5037499904632569,
						0.5037499904632569
					],
					"texture": "#x"
				},
				"up": {
					"uv": [
						0,
						0,
						0.5037499904632569,
						0.5037499904632569
					],
					"texture": "#x"
				},
				"down": {
					"uv": [
						0,
						0,
						0.5037499904632569,
						0.5037499904632569
					],
					"texture": "#x"
				}
			}
		}
	],
	"display": {
		"head": {"translation": [0, -5, 0], "scale": [1.6, 1.6, 1.6]},
		"thirdperson_righthand": {
			"scale": [0.001, 0.001, 0.001]
		},
		"gui": {"scale": [0.7, 0.7, 0.7]},
		"firstperson_righthand": {
			"scale": [0.1, 0.1, 0.1],
			"translation": [-15.7, 12.5, 1.5]
		},
		"firstperson_lefthand": {
			"scale": [0.1, 0.1, 0.1],
			"translation": [-2.4, 12.5, 1.5]
		},
		"ground": {
			"scale": [0.2, 0.2, 0.2],
			"translation": [0, 2, 0]
		},
		"thirdperson_lefthand": {
			"scale": [0.001, 0.001, 0.001]
		}
	}
}